,ticker,title
8,INFY,Infosys Limited (NYSE:INFY) Q4 2024 Earnings Call Transcript
9,INFY,ATxSummit returns on 30-31 May 2024
10,INFY,Infosys (INFY) Q4 Earnings and Revenues Surpass Estimates
11,INFY,India's Infosys falls as annual revenue outlook disappoints
12,INFY,Infosys Stock Falls After Q4 Earnings - What's Going On?
13,INFY,Infosys Beats Earnings Estimates. Why the Stock Is Tumbling.
14,INFY,Ready To Move-In Triplex Villaments Starting @ 9 Cr* |...
15,INFY,Infosys (INFY) Q4 Earnings: Taking a Look at Key Metrics Versus Estimates
16,INFY,Infosys Sales Forecast Falls Short as Clients Stay Cautious
17,INFY,"Infosys to Acquire Leading Engineering R&D services provider, in-tech"
18,INFY,Infosys: Strong large deal TCV of $4.5 billion in Q4 and record $17.7 billion in FY24 create robust foundation for growth
19,INFY,Codename TeakVille | Invest today & Earn 9 Lac* Rental...
20,INFY,Proximus Revamps Customer Service Operations Platform in Collaboration with Infosys
21,INFY,Infosys drives hybrid cloud-powered innovation for Team Global Express
22,INFY,Infosys (INFY) to Report Q4 Earnings: What's in the Cards?
23,INFY,Indian Tech Earnings May Show Worst Is Over for Showpiece Sector
24,INFY,3 BHK Townhouses starts from Rs. 2.05 Cr in IVC Road...
25,INFY,Infosys Topaz and Intel Collaborate to Accelerate Enterprise Growth and Efficiency with Generative AI
26,INFY,100 Countries with Lowest GDP Per Capita
27,INFY,Zand Bank Subscribes to Infosys Finacle's Corporate Banking Suite on Microsoft Cloud to Deliver New-Age Banking Experiences
28,INFY,Strength Seen in Evolv Technologies (EVLV): Can Its 14.8% Jump Turn into More Strength?
29,INFY,How a Simple $250 Amazon CFD Investment Can Benefit You
30,INFY,10 Best India ETFs For 2024
31,INFY,Infosys and Handelsblatt Media Group Announce Strategic Collaboration
32,INFY,"Indian IT stocks tumble as Accenture ""pours water"" on hopes of rebound in demand"
33,INFY,Wall Street Favorites: 7 Under-$20 Stocks With Strong Buy Ratings for March 2024
34,INFY,Executives say technology is moving too fast for their employees to keep up: ‘It can be very daunting’
35,INFY,AI Will Transform One of Corporate Tech’s Biggest Cost Areas—Actual Savings TBD
36,INFY,"Infosys and ATP Renew Partnership until 2026, to Drive AI-first Innovations in Professional Tennis"
37,INFY,Jim Cramer’s Latest Lightning Round: 11 Stock Recommendations
38,INFY,Learn How To Write Faster for Work (Find Out Now)
39,INFY,Infosys (INFY) to Implement AI Solutions for PROG Holdings
40,INFY,Ethisphere recognizes Infosys among 2024 World's Most Ethical Companies® for the Fourth Consecutive Year
41,INFY,PROG Holdings and Infosys Forge Strategic Collaboration to Bring AI-Powered Experiences to Customers and Intelligent Automation to Operations
42,INFY,"Infosys Topaz Unveils Responsible AI Suite of Offerings, to help Enterprises Navigate the Regulatory and Ethical Complexities of AI-powered Transformation"
43,INFY,AI & ML Course with UT Austin Certificate | 1: 1 Mentorship
44,INFY,"Cost concerns could delay AI ramp up among IT clients, Infosys exec says"
45,INFY,ServiceNow (NOW) Up 0.3% Since Last Earnings Report: Can It Continue?
46,INFY,Dow Jones and Infosys Introduce Upgraded Preference Center for Wall Street Journal Subscribers
47,INFY,66 Countries with a Double Tax Treaty with the USA
48,INFY,Ugadi Exclusive: Grab 8 Lakhs in Special Offers! Don't...
49,INFY,Top 30 Developing Countries in the World in 2024
50,INFY,"Data breach affects 57,000 Bank of America accounts"
51,INFY,Infosys Collaborates with Pacific International Lines to Drive Digital Transformation in Logistics Industry
52,INFY,Qualys (QLYS) & Ingram Micro Tie Up for Product Distribution
53,INFY,2 & 3 BHK Homes by Provident Botanico at Whitefield at 84...
54,INFY,Infosys Celebrates 25 Years of Delivering Innovation with SAP
55,INFY,Infosys Collaborates with Musgrave to Drive Cognitive First IT Transformation
56,INFY,APAC businesses expected to nearly triple spending on generative AI to US$3.4bn in 2024: Infosys Research
57,INFY,24 Least Developed Countries in Asia in 2024
58,INFY,How to boost income with $249 Amazon investment
59,INFY,Infosys (INFY) and AO Tie Up to Enhance Digital Experience
60,INFY,Infosys Brings AI-First Technologies to Centre Court for a More Immersive Australian Open 2024 Experience
61,INFY,"Infosys, a Top 3 IT services brand globally. Leads the IT services industry with the fastest CAGR in brand value over 5 years. Infosys' Salil Parekh is the no.1 IT services CEO in Brand Guardianship Index 2024"
62,INFY,Infosys Stock Shows Market Leadership; Shares Jumped Recently
63,INFY,Ecocity Villa Plots starting @ ₹4000 psf by SPA Group...
64,INFY,Infosys (INFY) Gains 4% as Q3 Earnings & Revenues Beat Estimates
65,INFY,Infosys Limited (NYSE:INFY) Q3 2024 Earnings Call Transcript
66,INFY,"Company News for Jan 12, 2024"
67,INFY,"TCS, Infosys Gain As Tech Spending Proves Better Than Feared"
68,INFY,Bangalore: Personalized 2BHK Interiors built to your budget.
69,INFY,"Indian IT stocks rally after TCS, Infosys post better-than-feared results"
70,INFY,"Asian stocks mixed after US, China CPI surprise; Nikkei extends rally"
71,INFY,Infosys: Resilient performance in a seasonally weak quarter; Large deal momentum continues with 71% net new deals
72,INFY,"India's Infosys Q3 profit misses view, tightens FY rev forecast on weak demand"
73,INFY,Joining AI & ChatGPT course could change your life
74,INFY,Infosys (INFY) Falls After $1.5B Global AI Deal Termination
75,INFY,India's Infosys falls after $1.5 billion AI deal termination
76,INFY,Infosys (INFY) to Lead LKQ Europe's System Transformation
77,INFY,Infosys to Harmonize the Systems of LKQ Europe
78,INFY,Play War Thunder now for free
79,INFY,India's $245 billion IT sector swallows tougher terms amid scramble for contracts
80,INFY,AI can create more jobs than it potentially eliminates: Tech Mahindra's outgoing CEO
81,INFY,3 Emerging Market Stocks to Ride the Next Bull Run
82,INFY,20 Developed Countries in Asia
83,INFY,Pre - Launching Villa Plots starting Rs 22 Lakhs+*
84,INFY,"India's Infosys CFO Nilanjan Roy resigns, Jayesh Sanghrajka to succeed"
85,INFY,Infosys' (INFY) Topaz Accelerates Spotlight's Customer Growth
86,INFY,"Zacks Investment Ideas feature highlights: Tesla, iShares MSCI India ETF, MakeMyTrip, Infosys and ICICI Bank"
87,INFY,Infosys Topaz Accelerates Spotlight Retail Group's Customer Growth in Digital Commerce
88,INFY,For people aged 20 to 67: how to start investing in...
89,INFY,Why Is ServiceNow (NOW) Up 21.6% Since Last Earnings Report?
90,INFY,Infosys and TK Elevator Extend Strategic Collaboration
91,INFY,"Infosys Collaborates with Proximus, Offering Fiber and New Digital Services to More Customers"
92,INFY,"Two-thirds of global executives report cloud has returned positive ROI over last two years, says MIT Technology Review Insights report with Infosys Cobalt"
93,INFY,Car Insurance Discounts for Seniors - Check 2024 Rates In...
94,INFY,Better launches white-labeled mortgage-as-a-service platform
95,INFY,Infosys and Better collaborate to offer Mortgage as a Service
96,INFY,Infosys Enables Rich Products to Digitally Transform their Core Business Processes Using SAP S/4HANA
97,INFY,"Infosys and AWS Enter Strategic Collaboration to Accelerate Financial Institutions' Cloud Transformation Across Europe, Middle East and Africa"
98,INFY,High Sugar Level up to 400? Don't Worry its Easily...
99,INFY,Infosys (INFY) Unveils Its New Proximity Center in Bulgaria
100,INFY,"Infosys and Spirit AeroSystems inaugurate Center for Aerospace Engineering Excellence in Richardson, Texas"
101,INFY,"Infosys Expands Its Footprint in Europe with a New Proximity Center in Sofia, Bulgaria to Help Accelerate AI and Cloud-led Digital Journeys for Clients in the Region"
102,INFY,"Young Indians should work 70 hours a week, says billionaire tech founder"
103,INFY,Stop Worrying About Indian Parents. Affordable Health...
104,INFY,Infosys asks some workers to return to office 10 days a month: source
105,INFY,"Infosys Asks Some Staff Back in Office 10 Days a Month, Bucking Global Trend"
106,INFY,Infosys founder Narayana Murthy wants young workers to have a 70-hour work week—and thinks it should be a matter of national pride
107,INFY,Infosys (INFY) to Enhance smart Europe GmbH D2C Business Model
108,INFY,Were you born between 1956 and 1996? Take advantage of...
109,INFY,Infosys and MSG Networks to Enhance Knicks & Rangers Coverage for 2023-2024 Season Through Infosys Topaz-Powered AI Highlights Platform
110,INFY,Infosys inks five-year collaboration with smart Europe GmbH to bring sustainable electric mobility to customers
111,INFY,"North American Businesses Plan to Invest 67% More in Generative AI in 2024 to Drive Efficiency, Experience and Growth: Infosys Research"
112,INFY,Infosys (INFY) & Google Team Up to Leverage AI Capabilities
113,INFY,Managing High Sugar Levels Up to 400: Practical...
114,INFY,Infosys and Google Cloud expand alliance to help enterprises transform into AI-first organizations
115,INFY,Infosys (INFY) Extends Digital Services JV With Temasek
116,INFY,Infosys Limited (NYSE:INFY) Q2 2024 Earnings Call Transcript
117,INFY,"Infosys (INFY) Q2 Earnings Meet Estimates, Revenues Surpass"
118,INFY,New 3BHK Flats In Bangalore :(Take A Look At Prices)
119,INFY,Waning demand for IT services hits hiring at Indian tech majors
120,INFY,Infosys Trims Sales Forecast as Firms Curb Spending
121,INFY,"Infosys shares fall, raising demand worries for Indian IT sector"
122,INFY,"Infosys Earnings Meet Estimates, Stock Falls On Weak Revenue Outlook"
123,INFY,Driving mobility
124,INFY,"ChatGPT Parent OpenAI Aims At Budget-Friendly AI Innovations, Novo Nordisk's Popular Diabetes Drug Ozempic Faces Counterfeit Threat in Germany: Today's Top Stories"
125,INFY,Unveiling Infosys (INFY)'s Value: Is It Really Priced Right? A Comprehensive Guide
126,INFY,Infosys : Highest ever large and mega deal wins with TCV of $7.7 billion lay solid foundation for future
127,INFY,Infosys and Temasek Extend Digital Services Joint Venture for Five Years
128,INFY,Dual core technology
129,INFY,India's Infosys cuts top end of FY revenue outlook
130,INFY,"Infosys slashes top end of FY revenue guidance, U.S.-listed shares fall premarket"
131,INFY,Infosys (INFY) to Report Q2 Earnings: What's in Store?
132,INFY,"Indian IT firms set for ""washout"" year, focus now on 2025 - J.P.Morgan"
133,INFY,Amazon CFD: A Simple Way to Boost Your Earnings
134,INFY,Economist Impact and Infosys Launch the Value Chain Navigator to Help Businesses Manage and Mitigate their Scope 3 Emissions
135,INFY,10 Best India ETFs
136,INFY,Infosys (INFY) Launches Cloud Solution for Commercial Airlines
137,INFY,Infosys (INFY) & Microsoft Team Up to Leverage AI Capabilities
138,INFY,Infosys Launches Industry Cloud to Catalyse Digital Transformation of the Commercial Airline Industry
139,INFY,The colonial inheritance tax loophole that could save Rishi Sunak’s family millions
140,INFY,Infosys collaborates with Microsoft to accelerate and democratize industry-wide adoption of generative AI
141,INFY,Infosys Shares Decline Despite Overall Market Uptick
142,INFY,"Teknix Elevators, India's leading elevator company."
143,INFY,Infosys' (INFY) Finacle Partners With Guaranty Trust Bank
144,INFY,GTBank selects Infosys Finacle for comprehensive digital transformation
145,INFY,3 Stealth AI Stocks That Everyone Is Overlooking
146,INFY,Infosys (INFY) & NVIDIA Duo to Build GenAI Tools for Enterprises
147,INFY,Adjustable Beds In HongKong - Price Might Surprise You
148,INFY,Guaranty Trust Bank Selects Infosys Finacle for its Multi-Country Digital Banking Transformation
149,INFY,Infosys and NVIDIA Collaborate to Help World's Enterprises Boost Productivity with Generative AI
150,INFY,Infosys (INFY) Inks $1.5B AI Deal With a Global Company
151,INFY,India's Infosys signs $1.5 billion contract to leverage AI solutions
152,INFY,Which Are The Top Debt Relief Companies In 2024? (Take A...
153,INFY,India's Infosys signs $1.5 bln contract to leverage AI solutions
154,INFY,Infosys Stock Trying To Close In On Key Technical Measure
155,INFY,Infosys Collaborates with STARK Group to Power its Digital Transformation by Leveraging Infosys Topaz
156,INFY,Cloud for Organizational Growth and Transformation is Three Times More Important than Cloud for Cost Optimization: Infosys Research
157,INFY,Premium Employee Health Benefit Programs In Mexico...
158,INFY,ServiceNow (NOW) Down 1.9% Since Last Earnings Report: Can It Rebound?
159,INFY,Infosys Welcomes Tennis World No.1 Iga Świątek as Global Brand Ambassador to Promote Infosys' Digital Innovation and Inspire Women Around the World
160,INFY,Infosys Onboards Tennis Icon Rafael Nadal as Ambassador for the Brand and Infosys' Digital Innovation
161,INFY,"Infosys Foundation USA Invests $200,000 to Boost Hoosier Tech Careers through Collaboration with TechPoint, Nextech and Indianapolis Public Schools"
162,INFY,Airports Say Don't Use This Type Of Suitcase
163,INFY,"Liberty Global (LBTYA), Infosys Unite for Global Digital Synergy"
164,INFY,"UPDATE 1-Infosys, Liberty Global sign $1.64 bln deal to scale digital platforms"
165,INFY,"Infosys, Liberty Global sign $1.64 billion deal to scale digital platforms"
166,INFY,Liberty Global and Infosys Expand Strategic Collaboration to Bring AI-Powered Digital Entertainment to Customers Worldwide and Drive Significant Efficiencies on Technology Costs
167,INFY,"Save up to £9,000 on a new Volvo"
168,INFY,Infosys launches new sonic identity to reinforce its brand purpose
169,INFY,7 Tech Stocks Under $20 to Snap Up Before the Surge
170,INFY,Infosys Limited (NYSE:INFY) Q1 2024 Earnings Call Transcript
171,INFY,"Infosys (INFY) Q1 Earnings Miss, Revenues Surpass Estimates"
172,INFY,20 Small Habits To Help You Get Good Skin
173,INFY,Trending tickers: Glencore | HSBC | Infosys | AmEx
174,INFY,"Infosys slides, drags peers as forecast cut fans demand worries"
175,INFY,Infosys Dives 10% After Outlook Cut Renews Tech Spending Fears
176,INFY,A $46 Billion Rally Shows India Tech Woes Easing
177,INFY,Drops For Very Dry Eyes - Effectiveness Might Surprise You
178,INFY,Infosys: Solid Q1 year on year revenue growth of 4.2% at 20.8% operating margins
179,INFY,India's Infosys cuts FY revenue growth outlook as clients cut spending
180,INFY,Infosys shares tumble after Indian IT group slashes annual revenue guidance
181,INFY,
182,INFY,
183,INFY,
