,ticker,title
8,JIOFIN,Related News
9,JIOFIN,"April jobs data, Apple earnings, Block and bitcoin: 3 Things"
10,JIOFIN,ATxSummit returns on 30-31 May 2024
11,JIOFIN,Apple beats Q2 estimates as iPhone sales decline 10%
12,JIOFIN,"Apple earnings see 10% iPhone sales drop, massive buyback fuels stock jump"
13,JIOFIN,Apple Q2 earnings: Key takeaways
14,JIOFIN,"April jobs report, Fedspeak, earnings: What to watch"
15,JIOFIN,Ready To Move-In Triplex Villaments Starting @ 9 Cr* |...
16,JIOFIN,"Block stock pops on Q1 earnings, guidance boost"
17,JIOFIN,Apple adds more carve-outs to its EU core tech fee after criticism from devs
18,JIOFIN,Haun Ventures is riding the bitcoin high
19,JIOFIN,"Fed holds rates, Apple earnings, Peloton CEO: 3 Things"
20,JIOFIN,"3 BHK Luxury Villaments from 2.05 Cr in IVC Road, Bengaluru"
21,JIOFIN,Apple Stock Is More Expensive Than You Think
22,JIOFIN,Dow Jones Futures Rally 500 Points On Weak Jobs Report; Apple Surges On Buyback
23,JIOFIN,Mercadolibre Earnings: It's My Third-Largest Position for This Reason
24,JIOFIN,Square Stock Pops On Earnings Beat. CEO Dorsey Lays Out New Bitcoin Plans.
25,JIOFIN,"2 BHK Homes from ₹84.5 Lac* at Chikkaballapur, Bangalore"
26,JIOFIN,Hershey's (NYSE:HSY) five-year earnings growth trails the respectable shareholder returns
27,JIOFIN,US STOCKS-Wall St set to open sharply higher on soft jobs data
28,JIOFIN,Apple Stock Surges. Earnings Were a Huge Relief.
29,JIOFIN,3 Things Apple Isn't Shouting From the Rooftops
30,JIOFIN,How a Simple $250 Amazon CFD Investment Can Benefit You
31,JIOFIN,3 Vanguard ETFs to Buy If You're Looking for Reliable Passive Income
32,JIOFIN,"These Stocks Are Moving the Most Today: Apple, Amgen, Expedia, Block, Coinbase, Cloudflare, Fortinet, and More"
33,JIOFIN,The Tech Stocks Making Waves Today
34,JIOFIN,
35,JIOFIN,
36,JIOFIN,
